Name,id,Description
organization admin,`organization.admin`,Grant access to all resources in the organization
organization editor,`organization.editor`,grant edit access to the organization
organization viewer,`organization.viewer`,grant viewer access to the organization
organization member,`organization.member`,grant member access to the organization
organization IAM,`organization.iam`,Access and administer a organization IAM policies
billing admin,`organization.billing.admin`,billling admin in organization
billing account editor,`organization.billling.editor`,allow to edit billling account in organization
billing account viewer,`organization.billling.viewer`,allow to view billling account in organization
project admin,`organization.project.admin`,grant access to all operations in the project
project creator,`organization.project.create`,grant create access to the projects in the organization
project editor,`organization.project.edit`,grant edit access to the projects in the organization
Project IAM,`organization.project.iam`,Access and administer a project IAM